<?xml version="1.0" encoding="UTF-8"?>
<metadata xml:lang="en"><Esri><CreaDate>20240125</CreaDate><CreaTime>13035600</CreaTime><ArcGISFormat>1.0</ArcGISFormat><SyncOnce>TRUE</SyncOnce><DataProperties><itemProps><itemLocation><linkage Sync="TRUE">file://\\DESKTOP-H27MQ18\E\SPEKTER\899_Training\Touhid_Buildings\buildings_ipsheim</linkage><protocol Sync="TRUE">Local Area Network</protocol></itemLocation></itemProps><copyHistory><copy source="E:\SPEKTER\899_Training\buildings_ipsheim" dest="\\DESKTOP-H27MQ18\E\SPEKTER\899_Training\Touhid_Buildings\buildings_ipsheim" date="20240123" time="11161900"></copy></copyHistory></DataProperties></Esri></metadata>
